2c9fa89a8e5af0f1018e5af1032b0000,2c9fa89a8e5a85f2018e5a8606af0001,2c9fa89a8e5ac1d9018e5ac1ed690000
2c9fa89a8e5af0f1018e5af103550001,2c9fa89a8e5a85f2018e5a8606b50002,2c9fa89a8e5ac1d9018e5ac1ed690000
2c9fa89a8e5af0f1018e5af103710002,2c9fa89a8e5a85f2018e5a8606b80003,2c9fa89a8e5ac1d9018e5ac1ed690000
2c9fa89a8e5af0f1018e5af1037f0003,2c9fa89a8e5a85f2018e5a8606bd0004,2c9fa89a8e5ac1d9018e5ac1ed690000
2c9fa89a8e5af0f1018e5af1038c0004,2c9fa89a8e5a85f2018e5a8606af0001,2c9fa89a8e5ac1d9018e5ac1ed990001
2c9fa89a8e5af0f1018e5af1039d0005,2c9fa89a8e5a85f2018e5a8606b50002,2c9fa89a8e5ac1d9018e5ac1ed990001
2c9fa89a8e5af0f1018e5af103a90006,2c9fa89a8e5a85f2018e5a8606b80003,2c9fa89a8e5ac1d9018e5ac1ed990001
2c9fa89a8e5af0f1018e5af103d90007,2c9fa89a8e5a85f2018e5a8606bd0004,2c9fa89a8e5ac1d9018e5ac1ed990001
2c9fa89a8e5af0f1018e5af104030008,2c9fa89a8e5a85f2018e5a8606af0001,2c9fa89a8e5ac1d9018e5ac1ed9f0002
2c9fa89a8e5af0f1018e5af104130009,2c9fa89a8e5a85f2018e5a8606b50002,2c9fa89a8e5ac1d9018e5ac1ed9f0002
2c9fa89a8e5af0f1018e5af1042c000a,2c9fa89a8e5a85f2018e5a8606b80003,2c9fa89a8e5ac1d9018e5ac1ed9f0002
2c9fa89a8e5af0f1018e5af10439000b,2c9fa89a8e5a85f2018e5a8606bd0004,2c9fa89a8e5ac1d9018e5ac1ed9f0002
2c9fa89a8e5af0f1018e5af1044c000c,2c9fa89a8e5a85f2018e5a8606af0001,2c9fa89a8e5ac1d9018e5ac1edab0003
2c9fa89a8e5af0f1018e5af1045d000d,2c9fa89a8e5a85f2018e5a8606b50002,2c9fa89a8e5ac1d9018e5ac1edab0003
2c9fa89a8e5af0f1018e5af1046d000e,2c9fa89a8e5a85f2018e5a8606b80003,2c9fa89a8e5ac1d9018e5ac1edab0003
2c9fa89a8e5af0f1018e5af1047e000f,2c9fa89a8e5a85f2018e5a8606bd0004,2c9fa89a8e5ac1d9018e5ac1edab0003
2c9fa89a8e5af0f1018e5af1048a0010,2c9fa89a8e5a85f2018e5a8606af0001,2c9fa89a8e5ac1d9018e5ac1edb10004
2c9fa89a8e5af0f1018e5af104a50011,2c9fa89a8e5a85f2018e5a8606b50002,2c9fa89a8e5ac1d9018e5ac1edb10004
2c9fa89a8e5af0f1018e5af104b20012,2c9fa89a8e5a85f2018e5a8606af0001,2c9fa89a8e5ac1d9018e5ac1edb90005
2c9fa89a8e5af0f1018e5af104ce0013,2c9fa89a8e5a85f2018e5a8606b50002,2c9fa89a8e5ac1d9018e5ac1edb90005
2c9fa89a8e5af0f1018e5af104dd0014,2c9fa89a8e5a85f2018e5a8606b80003,2c9fa89a8e5ac1d9018e5ac1edb90005
2c9fa89a8e5af0f1018e5af104ea0015,2c9fa89a8e5a85f2018e5a8606bd0004,2c9fa89a8e5ac1d9018e5ac1edb90005
2c9fa89a8e5af0f1018e5af104f90016,2c9fa89a8e5a85f2018e5a8606af0001,2c9fa89a8e5ac1d9018e5ac1edc00006
2c9fa89a8e5af0f1018e5af105040017,2c9fa89a8e5a85f2018e5a8606b50002,2c9fa89a8e5ac1d9018e5ac1edc00006
2c9fa89a8e5af0f1018e5af1050c0018,2c9fa89a8e5a85f2018e5a8606b80003,2c9fa89a8e5ac1d9018e5ac1edc00006
2c9fa89a8e5af0f1018e5af105170019,2c9fa89a8e5a85f2018e5a8606bd0004,2c9fa89a8e5ac1d9018e5ac1edc00006
2c9fa89a8e5af0f1018e5af10522001a,2c9fa89a8e5a85f2018e5a8606af0001,2c9fa89a8e5ac1d9018e5ac1edc70007
2c9fa89a8e5af0f1018e5af1052c001b,2c9fa89a8e5a85f2018e5a8606b50002,2c9fa89a8e5ac1d9018e5ac1edc70007
2c9fa89a8e5af0f1018e5af10538001c,2c9fa89a8e5a85f2018e5a8606af0001,2c9fa89a8e5ac1d9018e5ac1edcd0008
2c9fa89a8e5af0f1018e5af10547001d,2c9fa89a8e5a85f2018e5a8606b50002,2c9fa89a8e5ac1d9018e5ac1edcd0008
2c9fa89a8e5af0f1018e5af10554001e,2c9fa89a8e5a85f2018e5a8606af0001,2c9fa89a8e5ac1d9018e5ac1edd10009
2c9fa89a8e5af0f1018e5af10560001f,2c9fa89a8e5a85f2018e5a8606af0001,2c9fa89a8e5ac1d9018e5ac1edd6000a
2c9fa89a8e5af0f1018e5af105680020,2c9fa89a8e5a85f2018e5a8606b50002,2c9fa89a8e5ac1d9018e5ac1edd6000a
2c9fa89a8e5af0f1018e5af105740021,2c9fa89a8e5a85f2018e5a8606b80003,2c9fa89a8e5ac1d9018e5ac1edd6000a
2c9fa89a8e5af0f1018e5af105820022,2c9fa89a8e5a85f2018e5a8606bd0004,2c9fa89a8e5ac1d9018e5ac1edd6000a
2c9fa89a8e5af0f1018e5af1058e0023,2c9fa89a8e5a85f2018e5a8606af0001,2c9fa89a8e5ac1d9018e5ac1edda000b
2c9fa89a8e5af0f1018e5af105970024,2c9fa89a8e5a85f2018e5a8606b50002,2c9fa89a8e5ac1d9018e5ac1edda000b
2c9fa89a8e5af0f1018e5af105a10025,2c9fa89a8e5a85f2018e5a8606b80003,2c9fa89a8e5ac1d9018e5ac1edda000b
2c9fa89a8e5af0f1018e5af105ac0026,2c9fa89a8e5a85f2018e5a8606bd0004,2c9fa89a8e5ac1d9018e5ac1edda000b
2c9fa89a8e5af0f1018e5af105b60027,2c9fa89a8e5a85f2018e5a8606af0001,2c9fa89a8e5ac1d9018e5ac1edde000c
2c9fa89a8e5af0f1018e5af105c70028,2c9fa89a8e5a85f2018e5a8606b50002,2c9fa89a8e5ac1d9018e5ac1edde000c
2c9fa89a8e5af0f1018e5af105d30029,2c9fa89a8e5a85f2018e5a8606b80003,2c9fa89a8e5ac1d9018e5ac1edde000c
2c9fa89a8e5af0f1018e5af105dd002a,2c9fa89a8e5a85f2018e5a8606bd0004,2c9fa89a8e5ac1d9018e5ac1edde000c
2c9fa89a8e5af0f1018e5af105ed002b,2c9fa89a8e5a85f2018e5a8606af0001,2c9fa89a8e5ac1d9018e5ac1ede6000d
2c9fa89a8e5af0f1018e5af105fa002c,2c9fa89a8e5a85f2018e5a8606b50002,2c9fa89a8e5ac1d9018e5ac1ede6000d
2c9fa89a8e5af0f1018e5af10608002d,2c9fa89a8e5a85f2018e5a8606b80003,2c9fa89a8e5ac1d9018e5ac1ede6000d
2c9fa89a8e5af0f1018e5af10616002e,2c9fa89a8e5a85f2018e5a8606bd0004,2c9fa89a8e5ac1d9018e5ac1ede6000d
2c9fa89a8e5af0f1018e5af10626002f,2c9fa89a8e5a85f2018e5a8606af0001,2c9fa89a8e5ac1d9018e5ac1edf2000e
2c9fa89a8e5af0f1018e5af106330030,2c9fa89a8e5a85f2018e5a8606b50002,2c9fa89a8e5ac1d9018e5ac1edf2000e
2c9fa89a8e5af0f1018e5af1063f0031,2c9fa89a8e5a85f2018e5a8606b80003,2c9fa89a8e5ac1d9018e5ac1edf2000e
2c9fa89a8e5af0f1018e5af1064b0032,2c9fa89a8e5a85f2018e5a8606bd0004,2c9fa89a8e5ac1d9018e5ac1edf2000e
2c9fa89a8e5af0f1018e5af106550033,2c9fa89a8e5a85f2018e5a8606af0001,2c9fa89a8e5ac1d9018e5ac1edf8000f
2c9fa89a8e5af0f1018e5af1065e0034,2c9fa89a8e5a85f2018e5a8606b50002,2c9fa89a8e5ac1d9018e5ac1edf8000f
2c9fa89a8e5af0f1018e5af106690035,2c9fa89a8e5a85f2018e5a8606b80003,2c9fa89a8e5ac1d9018e5ac1edf8000f
2c9fa89a8e5af0f1018e5af106750036,2c9fa89a8e5a85f2018e5a8606bd0004,2c9fa89a8e5ac1d9018e5ac1edf8000f
2c9fa89a8e5af0f1018e5af1067f0037,2c9fa89a8e5a85f2018e5a8606af0001,2c9fa89a8e5ac1d9018e5ac1edfd0010
2c9fa89a8e5af0f1018e5af106880038,2c9fa89a8e5a85f2018e5a8606b50002,2c9fa89a8e5ac1d9018e5ac1edfd0010
2c9fa89a8e5af0f1018e5af106940039,2c9fa89a8e5a85f2018e5a8606b80003,2c9fa89a8e5ac1d9018e5ac1edfd0010
2c9fa89a8e5af0f1018e5af1069f003a,2c9fa89a8e5a85f2018e5a8606bd0004,2c9fa89a8e5ac1d9018e5ac1edfd0010
2c9fa89a8e5af0f1018e5af106aa003b,2c9fa89a8e5a85f2018e5a8606af0001,2c9fa89a8e5ac1d9018e5ac1ee020011
2c9fa89a8e5af0f1018e5af106b7003c,2c9fa89a8e5a85f2018e5a8606b50002,2c9fa89a8e5ac1d9018e5ac1ee050012
2c9fa89a8e5af0f1018e5af106c2003d,2c9fa89a8e5a85f2018e5a8606b80003,2c9fa89a8e5ac1d9018e5ac1ee050012
2c9fa89a8e5af0f1018e5af106cb003e,2c9fa89a8e5a85f2018e5a8606bd0004,2c9fa89a8e5ac1d9018e5ac1ee050012
2c9fa89a8e5af0f1018e5af106d7003f,2c9fa89a8e5a85f2018e5a86067b0000,2c9fa89a8e5ac1d9018e5ac1ee69002a
2c9fa89a8e5af0f1018e5af106e30040,2c9fa89a8e5a85f2018e5a86067b0000,2c9fa89a8e5ac1d9018e5ac1ee6c002b
2c9fa89a8e5af0f1018e5af106ee0041,2c9fa89a8e5a85f2018e5a86067b0000,2c9fa89a8e5ac1d9018e5ac1ee70002c
2c9fa89a8e5af0f1018e5af106f80042,2c9fa89a8e5a85f2018e5a8606af0001,2c9fa89a8e5ac1d9018e5ac1ee090013
2c9fa89a8e5af0f1018e5af107010043,2c9fa89a8e5a85f2018e5a8606b50002,2c9fa89a8e5ac1d9018e5ac1ee090013
2c9fa89a8e5af0f1018e5af107090044,2c9fa89a8e5a85f2018e5a8606b80003,2c9fa89a8e5ac1d9018e5ac1ee090013
2c9fa89a8e5af0f1018e5af107130045,2c9fa89a8e5a85f2018e5a8606bd0004,2c9fa89a8e5ac1d9018e5ac1ee090013
2c9fa89a8e5af0f1018e5af1071f0046,2c9fa89a8e5a85f2018e5a8606af0001,2c9fa89a8e5ac1d9018e5ac1ee0d0014
2c9fa89a8e5af0f1018e5af107290047,2c9fa89a8e5a85f2018e5a8606b50002,2c9fa89a8e5ac1d9018e5ac1ee0d0014
2c9fa89a8e5af0f1018e5af107340048,2c9fa89a8e5a85f2018e5a8606b80003,2c9fa89a8e5ac1d9018e5ac1ee0d0014
2c9fa89a8e5af0f1018e5af1073e0049,2c9fa89a8e5a85f2018e5a8606bd0004,2c9fa89a8e5ac1d9018e5ac1ee0d0014
2c9fa89a8e5af0f1018e5af10747004a,2c9fa89a8e5a85f2018e5a8606af0001,2c9fa89a8e5ac1d9018e5ac1ee110015
2c9fa89a8e5af0f1018e5af10751004b,2c9fa89a8e5a85f2018e5a8606b50002,2c9fa89a8e5ac1d9018e5ac1ee110015
2c9fa89a8e5af0f1018e5af1075b004c,2c9fa89a8e5a85f2018e5a8606af0001,2c9fa89a8e5ac1d9018e5ac1ee150016
2c9fa89a8e5af0f1018e5af1076a004d,2c9fa89a8e5a85f2018e5a8606b50002,2c9fa89a8e5ac1d9018e5ac1ee150016
2c9fa89a8e5af0f1018e5af10775004e,2c9fa89a8e5a85f2018e5a8606af0001,2c9fa89a8e5ac1d9018e5ac1ee190017
2c9fa89a8e5af0f1018e5af1077f004f,2c9fa89a8e5a85f2018e5a8606b50002,2c9fa89a8e5ac1d9018e5ac1ee190017
2c9fa89a8e5af0f1018e5af1078b0050,2c9fa89a8e5a85f2018e5a8606af0001,2c9fa89a8e5ac1d9018e5ac1ee1d0018
2c9fa89a8e5af0f1018e5af107970051,2c9fa89a8e5a85f2018e5a8606b50002,2c9fa89a8e5ac1d9018e5ac1ee1d0018
2c9fa89a8e5af0f1018e5af107a40052,2c9fa89a8e5a85f2018e5a8606b80003,2c9fa89a8e5ac1d9018e5ac1ee1d0018
2c9fa89a8e5af0f1018e5af107ad0053,2c9fa89a8e5a85f2018e5a8606bd0004,2c9fa89a8e5ac1d9018e5ac1ee1d0018
2c9fa89a8e5af0f1018e5af107bf0054,2c9fa89a8e5a85f2018e5a8606af0001,2c9fa89a8e5ac1d9018e5ac1ee220019
2c9fa89a8e5af0f1018e5af107cc0055,2c9fa89a8e5a85f2018e5a8606b50002,2c9fa89a8e5ac1d9018e5ac1ee220019
2c9fa89a8e5af0f1018e5af107d50056,2c9fa89a8e5a85f2018e5a8606b80003,2c9fa89a8e5ac1d9018e5ac1ee220019
2c9fa89a8e5af0f1018e5af107e00057,2c9fa89a8e5a85f2018e5a8606bd0004,2c9fa89a8e5ac1d9018e5ac1ee220019
2c9fa89a8e5af0f1018e5af107e90058,2c9fa89a8e5a85f2018e5a8606af0001,2c9fa89a8e5ac1d9018e5ac1ee26001a
2c9fa89a8e5af0f1018e5af107f40059,2c9fa89a8e5a85f2018e5a8606b50002,2c9fa89a8e5ac1d9018e5ac1ee26001a
2c9fa89a8e5af0f1018e5af107fe005a,2c9fa89a8e5a85f2018e5a8606b80003,2c9fa89a8e5ac1d9018e5ac1ee26001a
2c9fa89a8e5af0f1018e5af10808005b,2c9fa89a8e5a85f2018e5a8606bd0004,2c9fa89a8e5ac1d9018e5ac1ee26001a
2c9fa89a8e5af0f1018e5af10811005c,2c9fa89a8e5a85f2018e5a8606af0001,2c9fa89a8e5ac1d9018e5ac1ee2a001b
2c9fa89a8e5af0f1018e5af1081c005d,2c9fa89a8e5a85f2018e5a8606b50002,2c9fa89a8e5ac1d9018e5ac1ee2a001b
2c9fa89a8e5af0f1018e5af10824005e,2c9fa89a8e5a85f2018e5a8606af0001,2c9fa89a8e5ac1d9018e5ac1ee2e001c
2c9fa89a8e5af0f1018e5af1082e005f,2c9fa89a8e5a85f2018e5a8606b50002,2c9fa89a8e5ac1d9018e5ac1ee2e001c
2c9fa89a8e5af0f1018e5af1083a0060,2c9fa89a8e5a85f2018e5a86067b0000,2c9fa89a8e5ac1d9018e5ac1ee3e0020
2c9fa89a8e5af0f1018e5af108430061,2c9fa89a8e5a85f2018e5a86067b0000,2c9fa89a8e5ac1d9018e5ac1ee430021
2c9fa89a8e5af0f1018e5af1084b0062,2c9fa89a8e5a85f2018e5a86067b0000,2c9fa89a8e5ac1d9018e5ac1ee470022
2c9fa89a8e5af0f1018e5af108550063,2c9fa89a8e5a85f2018e5a86067b0000,2c9fa89a8e5ac1d9018e5ac1ee4c0023
2c9fa89a8e5af0f1018e5af108630064,2c9fa89a8e5a85f2018e5a8606af0001,2c9fa89a8e5ac1d9018e5ac1ee4c0023
2c9fa89a8e5af0f1018e5af1086c0065,2c9fa89a8e5a85f2018e5a8606b50002,2c9fa89a8e5ac1d9018e5ac1ee4c0023
2c9fa89a8e5af0f1018e5af108760066,2c9fa89a8e5a85f2018e5a8606b80003,2c9fa89a8e5ac1d9018e5ac1ee4c0023
2c9fa89a8e5af0f1018e5af1087f0067,2c9fa89a8e5a85f2018e5a86067b0000,2c9fa89a8e5ac1d9018e5ac1ee4f0024
2c9fa89a8e5af0f1018e5af108890068,2c9fa89a8e5a85f2018e5a8606af0001,2c9fa89a8e5ac1d9018e5ac1ee4f0024
2c9fa89a8e5af0f1018e5af108940069,2c9fa89a8e5a85f2018e5a86067b0000,2c9fa89a8e5ac1d9018e5ac1ee540025
2c9fa89a8e5af0f1018e5af1089d006a,2c9fa89a8e5a85f2018e5a8606b50002,2c9fa89a8e5ac1d9018e5ac1ee540025
2c9fa89a8e5af0f1018e5af108a6006b,2c9fa89a8e5a85f2018e5a86067b0000,2c9fa89a8e5ac1d9018e5ac1ee580026
2c9fa89a8e5af0f1018e5af108ae006c,2c9fa89a8e5a85f2018e5a8606b50002,2c9fa89a8e5ac1d9018e5ac1ee580026
2c9fa89a8e5af0f1018e5af108b6006d,2c9fa89a8e5a85f2018e5a86067b0000,2c9fa89a8e5ac1d9018e5ac1ee5b0027
2c9fa89a8e5af0f1018e5af108bf006e,2c9fa89a8e5a85f2018e5a8606af0001,2c9fa89a8e5ac1d9018e5ac1ee5b0027
2c9fa89a8e5af0f1018e5af108c7006f,2c9fa89a8e5a85f2018e5a86067b0000,2c9fa89a8e5ac1d9018e5ac1ee5f0028
2c9fa89a8e5af0f1018e5af108cf0070,2c9fa89a8e5a85f2018e5a8606af0001,2c9fa89a8e5ac1d9018e5ac1ee5f0028
2c9fa89a8e5af0f1018e5af108d60071,2c9fa89a8e5a85f2018e5a8606b50002,2c9fa89a8e5ac1d9018e5ac1ee5f0028
2c9fa89a8e5af0f1018e5af108e10072,2c9fa89a8e5a85f2018e5a8606b80003,2c9fa89a8e5ac1d9018e5ac1ee5f0028
2c9fa89a8e5af0f1018e5af108ec0073,2c9fa89a8e5a85f2018e5a8606bd0004,2c9fa89a8e5ac1d9018e5ac1ee5f0028
2c9fa89a8e5af0f1018e5af108f80074,2c9fa89a8e5a85f2018e5a86067b0000,2c9fa89a8e5ac1d9018e5ac1ee640029
2c9fa89a8e5af0f1018e5af109020075,2c9fa89a8e5a85f2018e5a8606af0001,2c9fa89a8e5ac1d9018e5ac1ee640029
